state,district,market,crop,date,price,unit
Maharashtra,Chennai,Local Market,Rice,2025-12-26,34.91,kg
Tamil Nadu,Visakhapatnam,Central Mandai,Rice,2025-12-19,43.28,kg
Telangana,Visakhapatnam,Central Mandai,Rice,2026-01-07,16.84,kg
Maharashtra,Hyderabad,Local Market,Onion,2026-04-14,17.13,kg
Telangana,Pune,Wholesale Yard,Onion,2026-05-01,46.56,kg
Karnataka,Chennai,Wholesale Yard,Tomato,2026-07-22,43.73,kg
Telangana,Hyderabad,Local Market,Wheat,2026-03-12,59.35,kg
Telangana,Visakhapatnam,Local Market,Tomato,2026-01-14,23.94,kg
Maharashtra,Bengaluru,Central Mandai,Tomato,2026-03-16,33.42,kg
Andhra Pradesh,Bengaluru,Central Mandai,Wheat,2025-10-16,39.47,kg
Karnataka,Bengaluru,Local Market,Rice,2026-08-30,8.99,kg
Tamil Nadu,Bengaluru,Local Market,Tomato,2026-02-10,30.31,kg
Tamil Nadu,Chennai,Central Mandai,Rice,2026-02-13,12.1,kg
Karnataka,Visakhapatnam,Wholesale Yard,Tomato,2026-02-27,47.2,kg
Andhra Pradesh,Visakhapatnam,Central Mandai,Tomato,2026-08-14,54.32,kg
Maharashtra,Visakhapatnam,Local Market,Onion,2026-01-28,28.7,kg
Karnataka,Bengaluru,Main Market,Potato,2026-05-28,41.8,kg
Maharashtra,Chennai,Main Market,Potato,2026-06-04,53.24,kg
Tamil Nadu,Pune,Central Mandai,Tomato,2026-01-29,52.71,kg
Andhra Pradesh,Pune,Local Market,Tomato,2026-05-30,27.42,kg
Andhra Pradesh,Hyderabad,Central Mandai,Rice,2025-10-11,43.48,kg
Maharashtra,Bengaluru,Wholesale Yard,Potato,2026-04-03,12.02,kg
Karnataka,Visakhapatnam,Local Market,Rice,2026-02-19,15.86,kg
Telangana,Visakhapatnam,Local Market,Tomato,2025-10-27,25.51,kg
Maharashtra,Chennai,Local Market,Onion,2026-07-16,23.7,kg
Karnataka,Hyderabad,Local Market,Rice,2026-01-16,48.12,kg
Telangana,Hyderabad,Local Market,Potato,2026-07-17,52.13,kg
Tamil Nadu,Chennai,Main Market,Onion,2026-05-02,36.2,kg
Maharashtra,Pune,Central Mandai,Rice,2026-02-08,51.61,kg
Andhra Pradesh,Bengaluru,Local Market,Wheat,2026-05-15,49.27,kg
Tamil Nadu,Chennai,Main Market,Potato,2026-07-05,48.88,kg
Karnataka,Bengaluru,Central Mandai,Onion,2026-06-01,15.47,kg
Maharashtra,Hyderabad,Wholesale Yard,Wheat,2026-05-01,48.69,kg
Karnataka,Visakhapatnam,Central Mandai,Tomato,2026-08-17,14.72,kg
Andhra Pradesh,Hyderabad,Local Market,Onion,2025-11-09,44.28,kg
Telangana,Visakhapatnam,Wholesale Yard,Tomato,2026-06-01,10.74,kg
Telangana,Hyderabad,Local Market,Potato,2026-07-12,40.4,kg
Andhra Pradesh,Hyderabad,Local Market,Rice,2026-04-29,28.66,kg
Karnataka,Pune,Main Market,Onion,2026-09-08,54.58,kg
Maharashtra,Pune,Wholesale Yard,Potato,2026-04-10,43.62,kg
Karnataka,Hyderabad,Central Mandai,Rice,2025-12-04,31.23,kg
Maharashtra,Visakhapatnam,Central Mandai,Tomato,2026-08-02,32.44,kg
Andhra Pradesh,Hyderabad,Main Market,Potato,2026-09-03,52.76,kg
Andhra Pradesh,Hyderabad,Main Market,Wheat,2025-10-08,9.64,kg
Karnataka,Chennai,Main Market,Tomato,2026-06-02,54.19,kg
Maharashtra,Chennai,Local Market,Wheat,2026-07-18,50.3,kg
Andhra Pradesh,Bengaluru,Main Market,Onion,2025-12-17,26.76,kg
Andhra Pradesh,Bengaluru,Central Mandai,Tomato,2026-02-24,10.76,kg
Andhra Pradesh,Pune,Main Market,Potato,2026-06-05,13.97,kg
Karnataka,Chennai,Wholesale Yard,Tomato,2025-09-13,11.49,kg
Karnataka,Bengaluru,Central Mandai,Potato,2026-06-07,11.03,kg
Karnataka,Hyderabad,Central Mandai,Wheat,2026-03-20,51.85,kg
Tamil Nadu,Visakhapatnam,Central Mandai,Potato,2026-03-29,16.69,kg
Andhra Pradesh,Visakhapatnam,Wholesale Yard,Rice,2026-07-18,11.93,kg
Tamil Nadu,Hyderabad,Main Market,Rice,2026-08-10,50.76,kg
Telangana,Hyderabad,Main Market,Potato,2026-08-07,42.52,kg
Andhra Pradesh,Hyderabad,Wholesale Yard,Rice,2025-10-01,57.21,kg
Karnataka,Bengaluru,Main Market,Rice,2026-02-04,29.2,kg
Karnataka,Pune,Local Market,Wheat,2026-08-27,50.43,kg
Maharashtra,Pune,Local Market,Rice,2026-01-10,38.29,kg
Karnataka,Visakhapatnam,Local Market,Rice,2025-11-08,40.23,kg
Andhra Pradesh,Pune,Local Market,Tomato,2026-02-06,58.42,kg
Telangana,Chennai,Central Mandai,Onion,2026-02-25,21.91,kg
Andhra Pradesh,Visakhapatnam,Main Market,Wheat,2026-08-06,49.16,kg
Tamil Nadu,Bengaluru,Wholesale Yard,Potato,2026-07-15,23.62,kg
Andhra Pradesh,Visakhapatnam,Local Market,Potato,2026-01-01,24.66,kg
Andhra Pradesh,Pune,Main Market,Onion,2025-10-22,10.26,kg
Telangana,Bengaluru,Central Mandai,Potato,2026-08-25,44.61,kg
Telangana,Hyderabad,Wholesale Yard,Onion,2026-01-25,50.28,kg
Maharashtra,Visakhapatnam,Main Market,Tomato,2026-01-15,11.35,kg
Karnataka,Bengaluru,Local Market,Onion,2026-06-29,13.11,kg
Karnataka,Chennai,Central Mandai,Wheat,2025-10-09,35.3,kg
Karnataka,Pune,Main Market,Wheat,2026-01-07,32.27,kg
Maharashtra,Visakhapatnam,Central Mandai,Wheat,2026-05-08,15.88,kg
Telangana,Bengaluru,Main Market,Potato,2025-11-25,29.54,kg
Telangana,Pune,Local Market,Wheat,2025-12-03,31.31,kg
Tamil Nadu,Chennai,Wholesale Yard,Onion,2026-05-17,45.19,kg
Andhra Pradesh,Bengaluru,Central Mandai,Wheat,2026-07-30,41.22,kg
Telangana,Visakhapatnam,Central Mandai,Tomato,2026-08-20,33.5,kg
Andhra Pradesh,Chennai,Wholesale Yard,Onion,2026-08-16,42.73,kg
Maharashtra,Visakhapatnam,Local Market,Wheat,2025-11-27,27.91,kg
Tamil Nadu,Hyderabad,Main Market,Tomato,2026-08-28,50.01,kg
Tamil Nadu,Chennai,Wholesale Yard,Onion,2025-12-29,17.16,kg
Telangana,Pune,Wholesale Yard,Potato,2025-10-05,24.1,kg
Andhra Pradesh,Pune,Local Market,Wheat,2026-03-11,33.1,kg
Telangana,Bengaluru,Central Mandai,Rice,2025-10-17,27.74,kg
Telangana,Visakhapatnam,Local Market,Rice,2026-06-13,34.81,kg
Telangana,Pune,Local Market,Rice,2026-04-15,55.72,kg
Maharashtra,Chennai,Central Mandai,Potato,2026-01-03,9.65,kg
Maharashtra,Hyderabad,Central Mandai,Onion,2026-02-06,49.04,kg
Andhra Pradesh,Chennai,Wholesale Yard,Rice,2026-02-18,58.05,kg
Andhra Pradesh,Pune,Wholesale Yard,Wheat,2026-07-21,8.78,kg
Tamil Nadu,Bengaluru,Central Mandai,Potato,2026-07-04,22.46,kg
Andhra Pradesh,Bengaluru,Central Mandai,Onion,2025-10-01,51.56,kg
Maharashtra,Pune,Wholesale Yard,Potato,2026-09-01,49.41,kg
Andhra Pradesh,Visakhapatnam,Main Market,Potato,2026-04-10,13.03,kg
Maharashtra,Pune,Central Mandai,Tomato,2025-12-21,28.67,kg
Andhra Pradesh,Visakhapatnam,Local Market,Onion,2026-07-29,54.64,kg
Maharashtra,Visakhapatnam,Wholesale Yard,Onion,2026-09-06,47.2,kg
Tamil Nadu,Pune,Central Mandai,Rice,2026-01-27,10.9,kg
Andhra Pradesh,Chennai,Local Market,Onion,2026-05-26,55.27,kg
Andhra Pradesh,Chennai,Wholesale Yard,Onion,2026-08-21,11.24,kg
Tamil Nadu,Bengaluru,Main Market,Tomato,2026-01-23,9.99,kg
Telangana,Hyderabad,Main Market,Onion,2025-09-14,45.52,kg
Tamil Nadu,Chennai,Main Market,Tomato,2026-06-16,34.55,kg
Tamil Nadu,Hyderabad,Wholesale Yard,Wheat,2026-04-06,54.35,kg
Maharashtra,Visakhapatnam,Local Market,Onion,2026-05-25,25.92,kg
Maharashtra,Bengaluru,Local Market,Potato,2025-10-04,56.84,kg
Karnataka,Chennai,Main Market,Tomato,2025-10-23,48.42,kg
Andhra Pradesh,Pune,Wholesale Yard,Potato,2026-03-05,26.33,kg
Andhra Pradesh,Pune,Central Mandai,Potato,2026-01-29,12.76,kg
Maharashtra,Hyderabad,Main Market,Potato,2026-04-30,9.61,kg
Tamil Nadu,Chennai,Local Market,Potato,2026-08-21,54.0,kg
Telangana,Pune,Main Market,Rice,2026-01-31,35.43,kg
Tamil Nadu,Visakhapatnam,Wholesale Yard,Onion,2025-12-09,9.79,kg
Maharashtra,Pune,Wholesale Yard,Tomato,2025-12-08,19.43,kg
Maharashtra,Hyderabad,Main Market,Wheat,2026-03-23,14.81,kg
Telangana,Hyderabad,Central Mandai,Tomato,2025-10-17,55.91,kg
Andhra Pradesh,Hyderabad,Central Mandai,Tomato,2026-07-11,10.54,kg
Tamil Nadu,Bengaluru,Wholesale Yard,Onion,2026-05-28,40.5,kg
Andhra Pradesh,Pune,Central Mandai,Potato,2026-02-25,37.86,kg
Tamil Nadu,Bengaluru,Main Market,Wheat,2026-01-12,17.35,kg
Karnataka,Visakhapatnam,Wholesale Yard,Tomato,2026-08-29,52.89,kg
Telangana,Bengaluru,Wholesale Yard,Potato,2026-09-08,44.23,kg
Tamil Nadu,Bengaluru,Wholesale Yard,Rice,2025-10-22,16.47,kg
Andhra Pradesh,Chennai,Wholesale Yard,Potato,2025-10-08,57.25,kg
Tamil Nadu,Chennai,Main Market,Potato,2026-07-08,34.73,kg
Andhra Pradesh,Visakhapatnam,Local Market,Wheat,2025-11-13,30.32,kg
Andhra Pradesh,Chennai,Wholesale Yard,Tomato,2026-07-28,29.48,kg
Karnataka,Hyderabad,Local Market,Onion,2026-05-30,15.97,kg
Tamil Nadu,Chennai,Wholesale Yard,Onion,2026-03-04,37.31,kg
Karnataka,Hyderabad,Local Market,Onion,2026-05-04,48.19,kg
Maharashtra,Visakhapatnam,Central Mandai,Onion,2025-12-03,53.22,kg
Tamil Nadu,Chennai,Main Market,Potato,2026-06-04,46.21,kg
Tamil Nadu,Hyderabad,Wholesale Yard,Onion,2026-05-14,49.54,kg
Karnataka,Visakhapatnam,Wholesale Yard,Tomato,2026-04-28,9.12,kg
Andhra Pradesh,Bengaluru,Central Mandai,Rice,2026-02-28,19.56,kg
Telangana,Bengaluru,Central Mandai,Potato,2026-05-08,37.19,kg
Tamil Nadu,Pune,Wholesale Yard,Potato,2026-02-20,23.02,kg
Telangana,Hyderabad,Wholesale Yard,Wheat,2025-10-08,37.0,kg
Maharashtra,Hyderabad,Wholesale Yard,Tomato,2026-09-01,12.4,kg
Karnataka,Pune,Local Market,Tomato,2025-10-29,11.39,kg
Telangana,Pune,Central Mandai,Wheat,2026-01-18,31.53,kg
Karnataka,Bengaluru,Wholesale Yard,Rice,2025-09-11,30.76,kg
Maharashtra,Pune,Wholesale Yard,Rice,2026-02-11,20.27,kg
Tamil Nadu,Chennai,Main Market,Tomato,2026-04-29,55.62,kg
Andhra Pradesh,Bengaluru,Local Market,Tomato,2025-09-18,24.93,kg
Karnataka,Pune,Wholesale Yard,Potato,2026-06-03,8.99,kg
Andhra Pradesh,Bengaluru,Central Mandai,Onion,2026-02-15,45.73,kg
Telangana,Hyderabad,Local Market,Tomato,2026-07-11,8.15,kg
Tamil Nadu,Chennai,Central Mandai,Onion,2026-09-08,33.74,kg
Tamil Nadu,Visakhapatnam,Central Mandai,Onion,2026-07-07,45.37,kg
Tamil Nadu,Hyderabad,Wholesale Yard,Potato,2025-09-24,14.63,kg
Tamil Nadu,Pune,Wholesale Yard,Rice,2026-01-23,54.73,kg
Telangana,Hyderabad,Central Mandai,Tomato,2025-10-31,14.11,kg
Telangana,Chennai,Wholesale Yard,Tomato,2026-03-10,42.48,kg
Tamil Nadu,Visakhapatnam,Local Market,Tomato,2026-07-03,22.44,kg
Maharashtra,Chennai,Main Market,Rice,2025-09-12,19.69,kg
Telangana,Bengaluru,Local Market,Wheat,2026-01-09,42.17,kg
Maharashtra,Chennai,Central Mandai,Onion,2025-12-16,35.66,kg
Karnataka,Bengaluru,Central Mandai,Tomato,2026-04-12,38.03,kg
Maharashtra,Visakhapatnam,Wholesale Yard,Tomato,2025-10-27,38.95,kg
Tamil Nadu,Pune,Main Market,Potato,2025-10-17,45.07,kg
Tamil Nadu,Pune,Wholesale Yard,Tomato,2026-05-04,21.13,kg
Karnataka,Hyderabad,Local Market,Potato,2026-08-27,12.63,kg
Andhra Pradesh,Chennai,Local Market,Rice,2026-08-09,23.06,kg
Karnataka,Pune,Wholesale Yard,Rice,2026-06-30,44.27,kg
Tamil Nadu,Chennai,Wholesale Yard,Tomato,2025-11-04,38.55,kg
Maharashtra,Hyderabad,Wholesale Yard,Potato,2026-01-27,50.97,kg
Tamil Nadu,Hyderabad,Wholesale Yard,Rice,2026-05-01,44.11,kg
Andhra Pradesh,Pune,Main Market,Tomato,2026-04-30,19.54,kg
Tamil Nadu,Bengaluru,Central Mandai,Rice,2026-07-26,39.51,kg
Tamil Nadu,Pune,Central Mandai,Wheat,2026-05-25,49.94,kg
Tamil Nadu,Bengaluru,Local Market,Onion,2025-11-27,47.6,kg
Telangana,Bengaluru,Local Market,Tomato,2026-05-22,31.14,kg
Karnataka,Chennai,Wholesale Yard,Potato,2026-08-25,29.9,kg
Tamil Nadu,Chennai,Central Mandai,Rice,2026-09-04,32.06,kg
Tamil Nadu,Bengaluru,Wholesale Yard,Wheat,2025-10-19,28.92,kg
Tamil Nadu,Visakhapatnam,Main Market,Potato,2026-04-26,24.99,kg
Maharashtra,Pune,Wholesale Yard,Onion,2026-04-05,45.14,kg
Karnataka,Hyderabad,Main Market,Wheat,2025-09-16,28.6,kg
Maharashtra,Chennai,Wholesale Yard,Onion,2026-06-27,36.15,kg
Tamil Nadu,Chennai,Main Market,Wheat,2026-02-28,49.85,kg
Karnataka,Hyderabad,Central Mandai,Rice,2026-05-21,12.62,kg
Tamil Nadu,Visakhapatnam,Wholesale Yard,Potato,2026-08-13,28.13,kg
Maharashtra,Hyderabad,Central Mandai,Potato,2026-01-03,40.08,kg
Telangana,Hyderabad,Main Market,Onion,2026-04-27,57.22,kg
Andhra Pradesh,Bengaluru,Main Market,Tomato,2025-11-10,26.66,kg
Tamil Nadu,Bengaluru,Wholesale Yard,Onion,2026-03-31,54.52,kg
Andhra Pradesh,Visakhapatnam,Wholesale Yard,Wheat,2026-01-18,41.59,kg
Karnataka,Bengaluru,Central Mandai,Onion,2025-09-10,29.35,kg
Karnataka,Visakhapatnam,Main Market,Tomato,2026-01-21,13.04,kg
Maharashtra,Bengaluru,Central Mandai,Potato,2026-08-17,18.27,kg
Karnataka,Bengaluru,Wholesale Yard,Onion,2026-04-10,54.53,kg
Karnataka,Chennai,Central Mandai,Rice,2025-12-02,46.43,kg
Maharashtra,Pune,Wholesale Yard,Tomato,2026-06-24,24.23,kg
Andhra Pradesh,Bengaluru,Local Market,Wheat,2025-12-27,20.46,kg
Maharashtra,Pune,Wholesale Yard,Wheat,2025-10-15,49.24,kg
Karnataka,Visakhapatnam,Main Market,Potato,2026-03-31,18.87,kg
Karnataka,Chennai,Local Market,Wheat,2026-02-22,10.41,kg
Karnataka,Chennai,Central Mandai,Rice,2025-10-25,21.06,kg
Andhra Pradesh,Pune,Wholesale Yard,Rice,2026-01-29,48.12,kg
Tamil Nadu,Chennai,Local Market,Wheat,2026-09-06,43.64,kg
Karnataka,Bengaluru,Central Mandai,Onion,2025-11-04,18.77,kg
Maharashtra,Bengaluru,Central Mandai,Wheat,2025-10-23,21.99,kg
Maharashtra,Hyderabad,Local Market,Wheat,2026-01-28,36.15,kg
Karnataka,Hyderabad,Central Mandai,Onion,2026-09-04,31.36,kg
Tamil Nadu,Bengaluru,Wholesale Yard,Wheat,2026-07-24,55.66,kg
Karnataka,Bengaluru,Local Market,Potato,2026-08-21,29.27,kg
Maharashtra,Pune,Central Mandai,Wheat,2025-10-15,48.42,kg
Andhra Pradesh,Hyderabad,Central Mandai,Tomato,2026-02-11,52.14,kg
Maharashtra,Pune,Wholesale Yard,Rice,2026-08-02,25.18,kg
Maharashtra,Visakhapatnam,Central Mandai,Wheat,2025-11-09,49.87,kg
Maharashtra,Chennai,Central Mandai,Tomato,2026-02-25,18.14,kg
Karnataka,Visakhapatnam,Local Market,Tomato,2026-02-02,9.45,kg
Andhra Pradesh,Bengaluru,Wholesale Yard,Potato,2026-04-28,44.33,kg
Telangana,Visakhapatnam,Central Mandai,Onion,2026-06-25,58.29,kg
Karnataka,Bengaluru,Main Market,Rice,2026-07-19,10.85,kg
Andhra Pradesh,Bengaluru,Local Market,Potato,2026-07-29,16.23,kg
Tamil Nadu,Bengaluru,Central Mandai,Rice,2026-02-04,46.08,kg
Maharashtra,Chennai,Central Mandai,Rice,2026-01-13,43.29,kg
Andhra Pradesh,Hyderabad,Central Mandai,Potato,2025-09-22,38.39,kg
Karnataka,Hyderabad,Wholesale Yard,Potato,2025-09-24,33.63,kg
Andhra Pradesh,Visakhapatnam,Wholesale Yard,Onion,2025-09-13,13.92,kg
Tamil Nadu,Visakhapatnam,Local Market,Rice,2026-05-22,31.57,kg
Karnataka,Pune,Local Market,Tomato,2026-02-06,28.9,kg
Andhra Pradesh,Visakhapatnam,Local Market,Tomato,2026-02-10,46.54,kg
Andhra Pradesh,Visakhapatnam,Local Market,Wheat,2026-07-21,52.88,kg
Maharashtra,Pune,Wholesale Yard,Potato,2026-02-23,17.53,kg
Karnataka,Bengaluru,Local Market,Rice,2026-04-25,27.61,kg
Telangana,Visakhapatnam,Wholesale Yard,Onion,2025-10-12,10.44,kg
Karnataka,Bengaluru,Main Market,Tomato,2025-11-04,19.43,kg
Tamil Nadu,Chennai,Central Mandai,Onion,2026-08-05,33.17,kg
Andhra Pradesh,Visakhapatnam,Main Market,Rice,2026-09-08,18.38,kg
Telangana,Pune,Local Market,Rice,2026-01-28,46.38,kg
Karnataka,Visakhapatnam,Wholesale Yard,Onion,2026-08-27,21.56,kg
Telangana,Bengaluru,Local Market,Potato,2025-09-19,44.65,kg
Tamil Nadu,Chennai,Main Market,Tomato,2026-08-03,44.32,kg
Telangana,Chennai,Wholesale Yard,Tomato,2026-01-09,22.22,kg
Karnataka,Visakhapatnam,Central Mandai,Onion,2026-03-31,29.74,kg
Tamil Nadu,Hyderabad,Local Market,Potato,2026-08-13,47.96,kg
Karnataka,Hyderabad,Local Market,Potato,2026-02-02,54.47,kg
Tamil Nadu,Visakhapatnam,Wholesale Yard,Wheat,2025-10-16,17.5,kg
Karnataka,Bengaluru,Wholesale Yard,Wheat,2026-07-30,50.94,kg
Karnataka,Bengaluru,Main Market,Tomato,2026-08-11,49.08,kg
Andhra Pradesh,Visakhapatnam,Main Market,Rice,2026-03-09,48.74,kg
Tamil Nadu,Bengaluru,Main Market,Wheat,2026-02-05,48.35,kg
Andhra Pradesh,Hyderabad,Local Market,Tomato,2026-02-22,50.31,kg
Andhra Pradesh,Chennai,Wholesale Yard,Onion,2025-12-29,8.63,kg
Telangana,Chennai,Main Market,Wheat,2026-07-17,49.53,kg
Karnataka,Chennai,Central Mandai,Rice,2025-11-12,31.36,kg
Karnataka,Pune,Wholesale Yard,Onion,2025-10-26,46.83,kg
Karnataka,Visakhapatnam,Local Market,Rice,2026-09-07,59.55,kg
Maharashtra,Bengaluru,Local Market,Tomato,2025-11-18,9.34,kg
Karnataka,Bengaluru,Main Market,Onion,2026-01-14,17.6,kg
Maharashtra,Hyderabad,Local Market,Potato,2025-11-07,42.59,kg
Karnataka,Hyderabad,Main Market,Wheat,2026-01-16,37.55,kg
Telangana,Chennai,Wholesale Yard,Tomato,2026-04-30,46.65,kg
Telangana,Visakhapatnam,Main Market,Wheat,2026-05-02,8.35,kg
Telangana,Bengaluru,Central Mandai,Rice,2026-08-24,16.13,kg
Telangana,Visakhapatnam,Central Mandai,Rice,2026-02-18,30.51,kg
Telangana,Chennai,Central Mandai,Rice,2026-03-25,54.09,kg
Maharashtra,Visakhapatnam,Main Market,Rice,2026-06-07,54.57,kg
Karnataka,Visakhapatnam,Local Market,Rice,2026-05-04,13.26,kg
Tamil Nadu,Bengaluru,Central Mandai,Wheat,2026-09-08,51.79,kg
Tamil Nadu,Pune,Local Market,Onion,2026-04-26,21.4,kg
Maharashtra,Hyderabad,Main Market,Onion,2025-10-17,53.48,kg
Maharashtra,Pune,Central Mandai,Tomato,2026-05-11,30.57,kg
Tamil Nadu,Hyderabad,Central Mandai,Rice,2026-06-30,24.15,kg
Tamil Nadu,Pune,Main Market,Potato,2026-06-11,46.95,kg
Maharashtra,Visakhapatnam,Main Market,Onion,2026-04-29,47.6,kg
Tamil Nadu,Bengaluru,Local Market,Tomato,2026-03-14,27.36,kg
Andhra Pradesh,Bengaluru,Local Market,Wheat,2025-11-03,29.95,kg
Maharashtra,Chennai,Central Mandai,Rice,2026-07-07,11.86,kg
Telangana,Visakhapatnam,Central Mandai,Onion,2026-02-25,54.23,kg
Andhra Pradesh,Hyderabad,Local Market,Wheat,2025-09-16,48.57,kg
Andhra Pradesh,Bengaluru,Main Market,Onion,2026-01-29,48.82,kg
Karnataka,Bengaluru,Central Mandai,Wheat,2025-09-25,20.54,kg
Maharashtra,Visakhapatnam,Central Mandai,Potato,2025-11-02,41.85,kg
Andhra Pradesh,Pune,Local Market,Onion,2025-11-25,26.55,kg
Andhra Pradesh,Visakhapatnam,Central Mandai,Rice,2026-09-09,12.49,kg
Maharashtra,Hyderabad,Wholesale Yard,Wheat,2026-06-05,24.52,kg
Telangana,Chennai,Local Market,Rice,2026-08-09,35.07,kg
Maharashtra,Chennai,Wholesale Yard,Potato,2026-04-16,57.48,kg
Karnataka,Visakhapatnam,Main Market,Rice,2026-01-30,16.29,kg
Maharashtra,Visakhapatnam,Local Market,Onion,2026-04-22,22.97,kg
Tamil Nadu,Hyderabad,Main Market,Potato,2026-07-01,53.49,kg
Telangana,Hyderabad,Central Mandai,Wheat,2026-05-27,34.32,kg
Maharashtra,Pune,Local Market,Tomato,2025-12-22,36.39,kg
Telangana,Pune,Main Market,Rice,2026-08-24,31.48,kg
Andhra Pradesh,Chennai,Main Market,Tomato,2026-07-05,45.38,kg
Andhra Pradesh,Bengaluru,Main Market,Rice,2026-09-09,49.56,kg
Karnataka,Hyderabad,Wholesale Yard,Rice,2026-03-08,59.26,kg
Telangana,Pune,Wholesale Yard,Potato,2025-11-26,21.65,kg
Andhra Pradesh,Bengaluru,Wholesale Yard,Wheat,2026-01-06,42.01,kg
Maharashtra,Pune,Central Mandai,Potato,2026-06-14,29.45,kg
Tamil Nadu,Visakhapatnam,Local Market,Rice,2025-11-30,28.49,kg
Tamil Nadu,Chennai,Central Mandai,Tomato,2025-12-26,55.29,kg
Karnataka,Bengaluru,Main Market,Wheat,2026-07-07,38.55,kg
Karnataka,Chennai,Central Mandai,Wheat,2026-05-23,43.81,kg
Karnataka,Visakhapatnam,Local Market,Wheat,2026-06-19,8.43,kg
Maharashtra,Bengaluru,Central Mandai,Tomato,2025-11-18,20.72,kg
Tamil Nadu,Chennai,Local Market,Wheat,2026-04-15,49.76,kg
Karnataka,Visakhapatnam,Central Mandai,Potato,2025-10-15,59.97,kg
Andhra Pradesh,Chennai,Wholesale Yard,Rice,2026-04-24,39.34,kg
Andhra Pradesh,Hyderabad,Central Mandai,Rice,2026-03-13,14.68,kg
Karnataka,Chennai,Central Mandai,Wheat,2025-12-12,22.26,kg
Andhra Pradesh,Visakhapatnam,Main Market,Potato,2025-11-27,33.44,kg
Telangana,Hyderabad,Central Mandai,Rice,2025-11-29,12.2,kg
Tamil Nadu,Bengaluru,Wholesale Yard,Wheat,2026-08-03,12.52,kg
Maharashtra,Bengaluru,Main Market,Onion,2026-01-01,37.91,kg
Telangana,Pune,Wholesale Yard,Tomato,2026-04-05,40.76,kg
Tamil Nadu,Chennai,Local Market,Potato,2025-10-14,45.56,kg
Telangana,Visakhapatnam,Wholesale Yard,Tomato,2026-06-22,36.69,kg
Maharashtra,Bengaluru,Central Mandai,Rice,2026-05-10,11.58,kg
Tamil Nadu,Pune,Local Market,Wheat,2026-05-08,23.56,kg
Karnataka,Pune,Main Market,Tomato,2025-10-23,19.37,kg
Maharashtra,Hyderabad,Central Mandai,Tomato,2025-12-20,43.59,kg
Telangana,Pune,Central Mandai,Onion,2025-12-16,19.2,kg
Telangana,Pune,Wholesale Yard,Rice,2025-10-24,40.65,kg
Karnataka,Visakhapatnam,Local Market,Tomato,2026-03-07,57.48,kg
Karnataka,Bengaluru,Central Mandai,Rice,2026-01-03,18.21,kg
Karnataka,Hyderabad,Wholesale Yard,Rice,2025-11-12,8.4,kg
Tamil Nadu,Chennai,Wholesale Yard,Potato,2025-12-11,35.79,kg
Andhra Pradesh,Visakhapatnam,Main Market,Rice,2026-01-28,42.46,kg
Maharashtra,Chennai,Local Market,Tomato,2026-07-05,28.38,kg
Karnataka,Bengaluru,Local Market,Potato,2026-04-28,22.72,kg
Andhra Pradesh,Chennai,Main Market,Potato,2026-06-08,26.06,kg
Karnataka,Pune,Wholesale Yard,Tomato,2025-10-23,54.88,kg
Karnataka,Hyderabad,Main Market,Tomato,2026-01-08,19.28,kg
Maharashtra,Bengaluru,Main Market,Potato,2025-12-24,34.87,kg
Maharashtra,Pune,Wholesale Yard,Onion,2025-10-13,32.54,kg
Maharashtra,Visakhapatnam,Wholesale Yard,Potato,2026-08-01,10.25,kg
Andhra Pradesh,Visakhapatnam,Central Mandai,Rice,2026-02-20,42.72,kg
Maharashtra,Visakhapatnam,Main Market,Potato,2025-10-19,28.02,kg
Telangana,Chennai,Main Market,Rice,2025-11-30,14.73,kg
Telangana,Visakhapatnam,Main Market,Onion,2026-07-20,37.18,kg
Maharashtra,Hyderabad,Wholesale Yard,Tomato,2026-05-27,22.45,kg
Maharashtra,Visakhapatnam,Main Market,Wheat,2025-10-16,41.03,kg
Maharashtra,Bengaluru,Wholesale Yard,Potato,2026-02-08,19.56,kg
Tamil Nadu,Chennai,Wholesale Yard,Potato,2025-12-19,32.49,kg
Telangana,Chennai,Local Market,Wheat,2025-10-15,56.41,kg
Tamil Nadu,Visakhapatnam,Wholesale Yard,Rice,2026-07-03,46.24,kg
Andhra Pradesh,Pune,Local Market,Potato,2025-12-25,44.42,kg
Telangana,Hyderabad,Central Mandai,Onion,2026-01-31,26.55,kg
Tamil Nadu,Hyderabad,Wholesale Yard,Onion,2026-01-21,16.34,kg
Andhra Pradesh,Pune,Wholesale Yard,Wheat,2026-08-19,27.71,kg
Telangana,Visakhapatnam,Central Mandai,Rice,2026-06-26,57.56,kg
Karnataka,Hyderabad,Main Market,Potato,2026-01-01,45.42,kg
Maharashtra,Visakhapatnam,Local Market,Tomato,2026-03-02,17.78,kg
Karnataka,Chennai,Wholesale Yard,Potato,2025-11-26,40.86,kg
Karnataka,Bengaluru,Central Mandai,Tomato,2025-09-20,20.88,kg
Karnataka,Pune,Central Mandai,Wheat,2026-03-11,42.9,kg
Karnataka,Visakhapatnam,Main Market,Tomato,2026-05-18,19.59,kg
Maharashtra,Pune,Main Market,Potato,2026-01-20,45.17,kg
Tamil Nadu,Hyderabad,Main Market,Tomato,2025-09-21,51.44,kg
Karnataka,Visakhapatnam,Central Mandai,Wheat,2026-07-13,58.53,kg
Karnataka,Visakhapatnam,Central Mandai,Wheat,2026-01-24,36.16,kg
Karnataka,Visakhapatnam,Central Mandai,Tomato,2025-09-11,23.82,kg
Tamil Nadu,Visakhapatnam,Local Market,Wheat,2026-06-10,44.21,kg
Karnataka,Bengaluru,Main Market,Rice,2026-04-09,16.45,kg
Tamil Nadu,Pune,Central Mandai,Tomato,2026-05-04,34.76,kg
Karnataka,Chennai,Main Market,Rice,2025-11-11,21.45,kg
Maharashtra,Bengaluru,Wholesale Yard,Rice,2026-01-09,8.32,kg
Tamil Nadu,Pune,Wholesale Yard,Wheat,2026-02-18,52.6,kg
Maharashtra,Hyderabad,Wholesale Yard,Tomato,2025-10-30,47.35,kg
Telangana,Hyderabad,Local Market,Rice,2026-08-06,28.29,kg
Maharashtra,Bengaluru,Central Mandai,Tomato,2026-06-30,43.4,kg
Maharashtra,Visakhapatnam,Central Mandai,Tomato,2025-09-23,50.86,kg
Tamil Nadu,Chennai,Wholesale Yard,Tomato,2026-08-06,45.75,kg
Telangana,Chennai,Wholesale Yard,Potato,2026-03-22,47.93,kg
Andhra Pradesh,Bengaluru,Main Market,Rice,2026-08-05,20.56,kg
Telangana,Visakhapatnam,Local Market,Onion,2026-02-02,42.93,kg
Andhra Pradesh,Chennai,Main Market,Onion,2026-03-30,17.88,kg
Karnataka,Visakhapatnam,Central Mandai,Wheat,2025-10-28,46.88,kg
Maharashtra,Bengaluru,Local Market,Potato,2026-07-29,39.97,kg
Tamil Nadu,Pune,Main Market,Onion,2025-11-13,17.36,kg
Karnataka,Visakhapatnam,Main Market,Onion,2026-05-08,28.56,kg
Telangana,Bengaluru,Central Mandai,Onion,2026-07-14,40.02,kg
Tamil Nadu,Hyderabad,Main Market,Rice,2025-12-27,45.46,kg
Tamil Nadu,Hyderabad,Central Mandai,Onion,2026-09-02,19.41,kg
Maharashtra,Pune,Main Market,Wheat,2026-07-07,37.12,kg
Tamil Nadu,Pune,Wholesale Yard,Rice,2026-05-30,9.83,kg
Maharashtra,Hyderabad,Wholesale Yard,Rice,2026-02-04,57.55,kg
Telangana,Pune,Wholesale Yard,Onion,2026-06-17,31.72,kg
Andhra Pradesh,Visakhapatnam,Local Market,Rice,2026-02-17,14.85,kg
Tamil Nadu,Bengaluru,Local Market,Wheat,2025-12-22,54.09,kg
Telangana,Pune,Local Market,Onion,2026-08-16,36.15,kg
Maharashtra,Bengaluru,Main Market,Potato,2025-12-29,18.72,kg
Andhra Pradesh,Pune,Central Mandai,Onion,2025-11-08,49.88,kg
Tamil Nadu,Bengaluru,Main Market,Wheat,2025-12-17,29.91,kg
Telangana,Pune,Central Mandai,Rice,2025-10-29,59.68,kg
Maharashtra,Pune,Local Market,Wheat,2026-04-26,12.84,kg
Karnataka,Pune,Central Mandai,Onion,2025-11-18,20.63,kg
Tamil Nadu,Visakhapatnam,Central Mandai,Rice,2026-08-19,26.21,kg
Karnataka,Bengaluru,Wholesale Yard,Tomato,2026-02-27,30.73,kg
Karnataka,Hyderabad,Local Market,Wheat,2026-04-25,49.35,kg
Karnataka,Chennai,Local Market,Tomato,2025-10-09,39.19,kg
Andhra Pradesh,Hyderabad,Main Market,Potato,2026-05-03,45.98,kg
Maharashtra,Bengaluru,Main Market,Rice,2026-02-07,44.63,kg
Tamil Nadu,Chennai,Local Market,Wheat,2026-01-29,46.44,kg
Karnataka,Chennai,Wholesale Yard,Potato,2026-05-30,20.73,kg
Andhra Pradesh,Visakhapatnam,Local Market,Onion,2026-08-13,56.44,kg
Telangana,Pune,Wholesale Yard,Rice,2026-01-09,30.97,kg
Karnataka,Bengaluru,Central Mandai,Rice,2026-09-06,54.77,kg
Telangana,Chennai,Local Market,Tomato,2025-12-09,53.42,kg
Tamil Nadu,Chennai,Wholesale Yard,Rice,2026-08-01,28.03,kg
Karnataka,Visakhapatnam,Central Mandai,Wheat,2025-09-12,51.03,kg
Andhra Pradesh,Bengaluru,Central Mandai,Onion,2026-06-14,32.96,kg
Tamil Nadu,Pune,Main Market,Onion,2026-03-22,35.94,kg
Maharashtra,Visakhapatnam,Local Market,Potato,2025-12-15,21.31,kg
Telangana,Hyderabad,Main Market,Wheat,2026-01-24,35.31,kg
Karnataka,Chennai,Local Market,Wheat,2026-08-22,33.23,kg
Karnataka,Pune,Central Mandai,Tomato,2026-07-20,48.33,kg
Karnataka,Hyderabad,Local Market,Onion,2025-09-20,27.72,kg
Karnataka,Hyderabad,Wholesale Yard,Wheat,2026-08-31,56.21,kg
Telangana,Bengaluru,Wholesale Yard,Tomato,2026-06-11,31.58,kg
Tamil Nadu,Chennai,Wholesale Yard,Onion,2025-11-27,23.64,kg
Tamil Nadu,Pune,Central Mandai,Potato,2026-02-22,12.7,kg
Tamil Nadu,Hyderabad,Wholesale Yard,Tomato,2025-10-19,55.48,kg
Telangana,Chennai,Central Mandai,Wheat,2025-11-10,53.17,kg
Maharashtra,Chennai,Main Market,Onion,2025-10-20,37.94,kg
Maharashtra,Visakhapatnam,Central Mandai,Rice,2026-01-21,13.99,kg
Telangana,Bengaluru,Local Market,Wheat,2025-09-26,11.15,kg
Telangana,Visakhapatnam,Wholesale Yard,Tomato,2026-06-06,37.79,kg
Tamil Nadu,Chennai,Central Mandai,Wheat,2025-12-27,48.46,kg
Andhra Pradesh,Bengaluru,Local Market,Onion,2026-02-05,18.4,kg
Tamil Nadu,Bengaluru,Central Mandai,Onion,2026-01-26,43.59,kg
Maharashtra,Hyderabad,Wholesale Yard,Potato,2025-12-01,53.6,kg
Telangana,Chennai,Central Mandai,Rice,2026-02-28,21.99,kg
Telangana,Hyderabad,Local Market,Tomato,2026-07-02,28.18,kg
Karnataka,Visakhapatnam,Local Market,Rice,2026-02-14,54.31,kg
Tamil Nadu,Visakhapatnam,Main Market,Wheat,2025-11-05,33.82,kg
Tamil Nadu,Visakhapatnam,Central Mandai,Wheat,2025-09-22,41.19,kg
Karnataka,Pune,Wholesale Yard,Wheat,2026-01-10,49.73,kg
Tamil Nadu,Chennai,Main Market,Onion,2026-03-02,35.59,kg
Tamil Nadu,Pune,Central Mandai,Rice,2025-10-23,59.27,kg
Karnataka,Pune,Main Market,Tomato,2026-07-22,28.89,kg
Karnataka,Pune,Main Market,Potato,2026-07-31,15.85,kg
Tamil Nadu,Hyderabad,Local Market,Tomato,2026-04-13,49.04,kg
Karnataka,Chennai,Main Market,Wheat,2026-02-21,12.0,kg
Maharashtra,Visakhapatnam,Wholesale Yard,Rice,2025-09-14,18.71,kg
Karnataka,Visakhapatnam,Main Market,Rice,2025-12-02,13.08,kg
Karnataka,Visakhapatnam,Central Mandai,Wheat,2026-05-22,44.34,kg
Tamil Nadu,Hyderabad,Local Market,Potato,2025-10-21,52.54,kg
Andhra Pradesh,Bengaluru,Local Market,Potato,2026-08-30,23.6,kg
Karnataka,Hyderabad,Main Market,Wheat,2026-08-14,10.88,kg
Tamil Nadu,Pune,Local Market,Wheat,2026-04-20,25.36,kg
Telangana,Bengaluru,Central Mandai,Rice,2025-10-28,35.1,kg
Andhra Pradesh,Pune,Central Mandai,Rice,2026-03-11,28.22,kg
Andhra Pradesh,Visakhapatnam,Wholesale Yard,Onion,2026-04-19,27.72,kg
Tamil Nadu,Pune,Wholesale Yard,Potato,2026-01-23,45.42,kg
Andhra Pradesh,Hyderabad,Central Mandai,Onion,2026-08-16,46.68,kg
Tamil Nadu,Bengaluru,Wholesale Yard,Tomato,2026-04-06,10.08,kg
Maharashtra,Hyderabad,Central Mandai,Rice,2025-10-03,38.25,kg
Tamil Nadu,Bengaluru,Wholesale Yard,Potato,2026-02-12,49.36,kg
Maharashtra,Visakhapatnam,Wholesale Yard,Onion,2026-08-10,18.31,kg
Tamil Nadu,Hyderabad,Main Market,Potato,2026-02-17,45.28,kg
Telangana,Visakhapatnam,Main Market,Rice,2026-02-11,38.78,kg
Telangana,Chennai,Main Market,Potato,2026-09-05,17.91,kg
Karnataka,Pune,Main Market,Onion,2026-01-08,34.12,kg
Karnataka,Chennai,Local Market,Wheat,2026-09-05,19.04,kg
Karnataka,Bengaluru,Local Market,Tomato,2026-05-06,55.02,kg
Karnataka,Bengaluru,Local Market,Rice,2026-04-22,18.79,kg
Telangana,Hyderabad,Wholesale Yard,Tomato,2026-04-23,23.79,kg
Karnataka,Hyderabad,Main Market,Tomato,2026-06-05,31.65,kg
Maharashtra,Pune,Main Market,Onion,2026-07-24,23.99,kg
Maharashtra,Visakhapatnam,Main Market,Rice,2026-06-14,57.25,kg
Karnataka,Chennai,Local Market,Potato,2025-10-10,22.0,kg
Tamil Nadu,Hyderabad,Local Market,Wheat,2026-07-14,44.12,kg
Tamil Nadu,Hyderabad,Central Mandai,Tomato,2026-05-19,10.14,kg
Karnataka,Bengaluru,Wholesale Yard,Rice,2026-06-24,37.54,kg
Karnataka,Hyderabad,Local Market,Potato,2026-01-17,33.62,kg
Andhra Pradesh,Visakhapatnam,Local Market,Rice,2025-09-14,40.81,kg
Andhra Pradesh,Visakhapatnam,Wholesale Yard,Potato,2026-07-25,8.82,kg
Karnataka,Bengaluru,Central Mandai,Potato,2025-11-30,42.17,kg
Telangana,Bengaluru,Main Market,Onion,2026-08-18,51.77,kg
Maharashtra,Chennai,Central Mandai,Rice,2025-12-29,14.89,kg
Maharashtra,Hyderabad,Central Mandai,Rice,2026-01-06,39.36,kg
Telangana,Hyderabad,Main Market,Rice,2026-03-08,9.07,kg
Maharashtra,Pune,Wholesale Yard,Rice,2026-01-24,53.47,kg
Karnataka,Pune,Local Market,Potato,2025-12-25,28.27,kg
Maharashtra,Visakhapatnam,Local Market,Rice,2026-08-28,38.69,kg
Telangana,Chennai,Local Market,Wheat,2026-01-19,20.35,kg
Tamil Nadu,Hyderabad,Central Mandai,Wheat,2026-03-27,51.71,kg
Telangana,Chennai,Local Market,Potato,2026-08-24,13.47,kg
Tamil Nadu,Hyderabad,Main Market,Wheat,2025-09-21,48.57,kg
Andhra Pradesh,Bengaluru,Central Mandai,Rice,2026-05-04,24.59,kg
Maharashtra,Chennai,Local Market,Onion,2026-06-23,43.87,kg
Maharashtra,Visakhapatnam,Local Market,Tomato,2025-11-07,51.28,kg
Maharashtra,Bengaluru,Central Mandai,Rice,2025-09-21,15.96,kg
Maharashtra,Bengaluru,Wholesale Yard,Rice,2025-12-11,27.69,kg
Tamil Nadu,Pune,Local Market,Potato,2026-02-22,59.85,kg
Karnataka,Chennai,Central Mandai,Onion,2026-08-19,38.48,kg
Karnataka,Visakhapatnam,Local Market,Wheat,2026-07-22,32.89,kg
Karnataka,Visakhapatnam,Central Mandai,Rice,2026-03-20,21.35,kg
Tamil Nadu,Pune,Local Market,Tomato,2025-11-21,45.42,kg
Telangana,Pune,Local Market,Potato,2026-02-22,51.72,kg
Telangana,Visakhapatnam,Central Mandai,Tomato,2026-01-08,31.46,kg
Andhra Pradesh,Bengaluru,Main Market,Wheat,2025-12-12,42.57,kg
Tamil Nadu,Bengaluru,Main Market,Potato,2026-02-04,52.25,kg
Andhra Pradesh,Chennai,Wholesale Yard,Tomato,2026-06-22,12.84,kg
Maharashtra,Bengaluru,Local Market,Wheat,2026-08-27,14.07,kg
Karnataka,Bengaluru,Central Mandai,Tomato,2025-10-18,59.18,kg
Maharashtra,Hyderabad,Wholesale Yard,Tomato,2026-01-22,41.29,kg
Tamil Nadu,Bengaluru,Main Market,Onion,2025-10-19,48.14,kg
Telangana,Visakhapatnam,Main Market,Tomato,2025-10-01,18.2,kg
Andhra Pradesh,Pune,Local Market,Onion,2026-02-03,35.54,kg
Andhra Pradesh,Chennai,Wholesale Yard,Onion,2026-02-06,26.48,kg
Telangana,Visakhapatnam,Main Market,Onion,2026-04-03,45.86,kg
Telangana,Bengaluru,Central Mandai,Tomato,2025-11-13,58.04,kg
Maharashtra,Hyderabad,Local Market,Onion,2025-12-17,36.4,kg
Telangana,Pune,Wholesale Yard,Potato,2026-03-25,33.56,kg
Andhra Pradesh,Hyderabad,Local Market,Tomato,2025-09-17,39.12,kg
Karnataka,Visakhapatnam,Wholesale Yard,Tomato,2025-10-11,45.91,kg
Karnataka,Bengaluru,Wholesale Yard,Onion,2026-04-08,41.25,kg
Andhra Pradesh,Hyderabad,Wholesale Yard,Onion,2025-12-16,29.47,kg
Tamil Nadu,Chennai,Central Mandai,Onion,2026-03-03,45.24,kg
Tamil Nadu,Bengaluru,Central Mandai,Tomato,2025-10-12,37.93,kg
Telangana,Visakhapatnam,Wholesale Yard,Potato,2026-08-31,28.16,kg
Telangana,Chennai,Central Mandai,Potato,2026-01-04,30.44,kg
Maharashtra,Visakhapatnam,Main Market,Potato,2026-03-15,51.5,kg
Maharashtra,Bengaluru,Main Market,Onion,2026-08-15,33.39,kg
Tamil Nadu,Bengaluru,Local Market,Onion,2026-02-06,34.82,kg
Andhra Pradesh,Bengaluru,Main Market,Tomato,2026-08-04,23.5,kg
Tamil Nadu,Pune,Main Market,Potato,2025-11-01,38.86,kg
Karnataka,Visakhapatnam,Local Market,Wheat,2025-10-16,42.45,kg
Karnataka,Hyderabad,Central Mandai,Potato,2025-09-17,15.95,kg
Andhra Pradesh,Chennai,Main Market,Rice,2026-04-13,22.43,kg
Andhra Pradesh,Chennai,Main Market,Wheat,2025-11-15,30.64,kg
Telangana,Hyderabad,Central Mandai,Rice,2026-01-27,43.06,kg
Karnataka,Bengaluru,Local Market,Rice,2026-06-23,44.35,kg
Karnataka,Hyderabad,Main Market,Potato,2026-08-08,21.16,kg
Telangana,Pune,Main Market,Potato,2026-04-15,24.47,kg
Andhra Pradesh,Visakhapatnam,Local Market,Wheat,2026-05-31,27.8,kg
Andhra Pradesh,Hyderabad,Wholesale Yard,Onion,2026-07-22,10.32,kg
Telangana,Pune,Local Market,Potato,2026-01-26,33.86,kg
Maharashtra,Hyderabad,Local Market,Onion,2026-06-29,18.92,kg
Andhra Pradesh,Visakhapatnam,Main Market,Potato,2025-11-04,29.24,kg
Karnataka,Chennai,Wholesale Yard,Wheat,2025-09-24,38.17,kg
Andhra Pradesh,Hyderabad,Local Market,Onion,2026-02-17,31.43,kg
Maharashtra,Bengaluru,Central Mandai,Tomato,2026-05-13,28.25,kg
Telangana,Visakhapatnam,Local Market,Wheat,2026-05-04,48.16,kg
Telangana,Chennai,Central Mandai,Onion,2026-06-19,24.2,kg
Andhra Pradesh,Chennai,Local Market,Wheat,2026-04-21,20.96,kg
Karnataka,Visakhapatnam,Wholesale Yard,Onion,2026-08-27,52.98,kg
Karnataka,Bengaluru,Wholesale Yard,Wheat,2026-08-24,28.61,kg
Andhra Pradesh,Pune,Local Market,Onion,2025-11-12,11.44,kg
Karnataka,Hyderabad,Central Mandai,Wheat,2025-10-17,11.78,kg
Tamil Nadu,Hyderabad,Wholesale Yard,Tomato,2026-08-06,37.47,kg
Andhra Pradesh,Hyderabad,Central Mandai,Wheat,2026-05-31,24.52,kg
Karnataka,Pune,Central Mandai,Potato,2026-05-09,14.34,kg
Karnataka,Pune,Main Market,Potato,2025-12-12,52.33,kg
Andhra Pradesh,Visakhapatnam,Local Market,Potato,2026-03-24,23.88,kg
Maharashtra,Hyderabad,Central Mandai,Rice,2025-09-24,37.34,kg
Karnataka,Chennai,Central Mandai,Rice,2026-01-05,47.93,kg
Karnataka,Visakhapatnam,Local Market,Rice,2026-01-29,41.36,kg
Tamil Nadu,Visakhapatnam,Local Market,Potato,2026-09-10,26.4,kg
Maharashtra,Chennai,Central Mandai,Rice,2026-02-21,56.87,kg
Tamil Nadu,Chennai,Local Market,Wheat,2026-03-14,59.5,kg
Telangana,Hyderabad,Local Market,Onion,2026-08-16,39.97,kg
Telangana,Pune,Local Market,Tomato,2026-08-01,44.22,kg
Tamil Nadu,Visakhapatnam,Main Market,Wheat,2026-07-25,28.41,kg
Telangana,Pune,Main Market,Onion,2026-06-20,44.36,kg
Karnataka,Hyderabad,Local Market,Rice,2025-12-07,24.73,kg
Tamil Nadu,Pune,Local Market,Tomato,2026-05-16,16.86,kg
Tamil Nadu,Chennai,Main Market,Potato,2026-01-02,16.95,kg
Karnataka,Bengaluru,Local Market,Potato,2026-03-28,20.86,kg
Tamil Nadu,Visakhapatnam,Local Market,Onion,2026-01-07,25.29,kg
Tamil Nadu,Chennai,Central Mandai,Potato,2026-06-24,53.96,kg
Andhra Pradesh,Bengaluru,Central Mandai,Rice,2026-02-13,33.15,kg
Karnataka,Visakhapatnam,Local Market,Potato,2025-11-13,9.72,kg
Tamil Nadu,Visakhapatnam,Wholesale Yard,Potato,2025-10-04,58.57,kg
Telangana,Bengaluru,Central Mandai,Onion,2026-06-14,10.11,kg
Maharashtra,Visakhapatnam,Central Mandai,Tomato,2026-05-10,34.77,kg
Andhra Pradesh,Bengaluru,Main Market,Potato,2026-02-04,46.48,kg
Maharashtra,Visakhapatnam,Local Market,Tomato,2026-04-11,34.96,kg
Maharashtra,Visakhapatnam,Central Mandai,Potato,2025-10-16,15.16,kg
Karnataka,Pune,Local Market,Potato,2026-07-28,50.53,kg
Tamil Nadu,Chennai,Local Market,Rice,2026-07-11,13.64,kg
Maharashtra,Visakhapatnam,Central Mandai,Tomato,2025-11-17,18.72,kg
Telangana,Chennai,Wholesale Yard,Rice,2025-09-25,21.47,kg
Maharashtra,Chennai,Main Market,Rice,2026-07-02,59.5,kg
Tamil Nadu,Bengaluru,Local Market,Wheat,2026-06-02,40.63,kg
Andhra Pradesh,Visakhapatnam,Central Mandai,Onion,2025-11-15,8.39,kg
Telangana,Hyderabad,Local Market,Potato,2026-02-08,9.86,kg
Telangana,Chennai,Local Market,Tomato,2025-12-11,25.01,kg
Karnataka,Chennai,Central Mandai,Tomato,2026-06-16,56.2,kg
Andhra Pradesh,Visakhapatnam,Main Market,Tomato,2026-02-22,25.69,kg
Maharashtra,Bengaluru,Main Market,Potato,2026-06-09,41.28,kg
Andhra Pradesh,Bengaluru,Wholesale Yard,Tomato,2026-06-22,33.46,kg
Andhra Pradesh,Chennai,Main Market,Wheat,2025-10-10,24.16,kg
Andhra Pradesh,Hyderabad,Central Mandai,Wheat,2026-06-19,28.46,kg
Maharashtra,Visakhapatnam,Wholesale Yard,Potato,2026-01-17,39.45,kg
Karnataka,Visakhapatnam,Main Market,Tomato,2025-12-20,20.29,kg
Karnataka,Hyderabad,Main Market,Rice,2026-06-19,28.38,kg
Karnataka,Pune,Central Mandai,Potato,2026-02-26,47.6,kg
Tamil Nadu,Bengaluru,Wholesale Yard,Wheat,2025-10-31,30.33,kg
Telangana,Pune,Local Market,Tomato,2025-11-16,27.31,kg
Telangana,Hyderabad,Central Mandai,Rice,2026-03-15,33.87,kg
Maharashtra,Visakhapatnam,Main Market,Wheat,2026-08-19,12.28,kg
Tamil Nadu,Hyderabad,Wholesale Yard,Tomato,2025-11-29,16.01,kg
Tamil Nadu,Chennai,Central Mandai,Onion,2026-05-18,23.75,kg
Karnataka,Pune,Local Market,Wheat,2025-10-02,26.69,kg
Karnataka,Hyderabad,Main Market,Potato,2026-09-08,24.27,kg
Karnataka,Bengaluru,Local Market,Wheat,2025-09-14,25.38,kg
Karnataka,Chennai,Local Market,Wheat,2026-07-16,52.17,kg
Telangana,Hyderabad,Central Mandai,Potato,2025-09-21,50.56,kg
Telangana,Chennai,Local Market,Rice,2026-02-02,32.55,kg
Karnataka,Visakhapatnam,Main Market,Rice,2026-06-17,55.34,kg
Karnataka,Chennai,Local Market,Potato,2025-11-20,13.48,kg
Telangana,Hyderabad,Main Market,Rice,2026-05-09,29.29,kg
Telangana,Hyderabad,Wholesale Yard,Onion,2026-08-27,56.9,kg
Maharashtra,Chennai,Wholesale Yard,Rice,2026-06-11,56.92,kg
Maharashtra,Bengaluru,Central Mandai,Potato,2026-09-09,14.45,kg
Tamil Nadu,Visakhapatnam,Main Market,Potato,2026-01-30,27.31,kg
Telangana,Chennai,Wholesale Yard,Tomato,2026-05-05,36.62,kg
Tamil Nadu,Hyderabad,Central Mandai,Rice,2025-12-02,9.49,kg
Andhra Pradesh,Visakhapatnam,Central Mandai,Potato,2025-12-07,37.33,kg
Telangana,Bengaluru,Main Market,Wheat,2025-10-07,34.05,kg
Telangana,Pune,Local Market,Onion,2026-07-16,16.71,kg
Telangana,Chennai,Wholesale Yard,Wheat,2026-03-14,59.16,kg
Telangana,Chennai,Main Market,Wheat,2026-07-02,28.16,kg
Telangana,Visakhapatnam,Main Market,Wheat,2026-03-05,22.72,kg
Andhra Pradesh,Bengaluru,Main Market,Tomato,2025-10-22,39.83,kg
Andhra Pradesh,Visakhapatnam,Local Market,Onion,2026-01-05,54.68,kg
Andhra Pradesh,Bengaluru,Wholesale Yard,Tomato,2026-09-05,51.19,kg
Maharashtra,Bengaluru,Local Market,Rice,2025-12-27,15.31,kg
Andhra Pradesh,Pune,Main Market,Wheat,2026-06-08,8.39,kg
Tamil Nadu,Bengaluru,Central Mandai,Tomato,2026-04-26,55.03,kg
Maharashtra,Bengaluru,Local Market,Onion,2026-02-17,53.95,kg
Telangana,Visakhapatnam,Wholesale Yard,Rice,2026-04-07,50.88,kg
Maharashtra,Chennai,Local Market,Potato,2025-12-28,46.1,kg
Telangana,Pune,Main Market,Onion,2026-08-05,40.03,kg
Karnataka,Pune,Wholesale Yard,Onion,2026-06-07,52.17,kg
Tamil Nadu,Chennai,Main Market,Tomato,2026-09-08,42.33,kg
Karnataka,Hyderabad,Main Market,Tomato,2025-12-06,49.82,kg
Tamil Nadu,Chennai,Wholesale Yard,Rice,2026-06-20,38.87,kg
Andhra Pradesh,Chennai,Main Market,Tomato,2026-05-07,14.94,kg
Andhra Pradesh,Bengaluru,Wholesale Yard,Onion,2026-02-10,12.69,kg
Telangana,Bengaluru,Main Market,Potato,2026-08-05,32.74,kg
Tamil Nadu,Visakhapatnam,Central Mandai,Rice,2026-03-15,33.78,kg
Telangana,Hyderabad,Central Mandai,Rice,2026-05-30,34.95,kg
Telangana,Hyderabad,Main Market,Wheat,2026-09-09,26.45,kg
Andhra Pradesh,Visakhapatnam,Local Market,Rice,2026-06-07,56.36,kg
Telangana,Pune,Wholesale Yard,Onion,2026-01-13,10.72,kg
Karnataka,Chennai,Main Market,Wheat,2026-08-03,36.89,kg
Andhra Pradesh,Chennai,Central Mandai,Tomato,2025-12-02,13.32,kg
Tamil Nadu,Hyderabad,Wholesale Yard,Potato,2026-03-31,57.08,kg
Telangana,Pune,Main Market,Rice,2026-02-21,41.0,kg
Karnataka,Chennai,Wholesale Yard,Rice,2025-12-14,35.17,kg
Andhra Pradesh,Visakhapatnam,Central Mandai,Rice,2026-03-26,43.8,kg
Tamil Nadu,Visakhapatnam,Local Market,Wheat,2026-02-03,44.07,kg
Tamil Nadu,Chennai,Main Market,Onion,2026-07-25,21.38,kg
Andhra Pradesh,Bengaluru,Main Market,Onion,2026-08-27,49.22,kg
Telangana,Pune,Central Mandai,Tomato,2026-06-08,48.99,kg
Andhra Pradesh,Hyderabad,Wholesale Yard,Rice,2026-03-13,17.93,kg
Maharashtra,Hyderabad,Central Mandai,Potato,2026-06-21,12.32,kg
Andhra Pradesh,Visakhapatnam,Wholesale Yard,Onion,2026-06-07,10.63,kg
Telangana,Pune,Wholesale Yard,Rice,2026-02-08,47.46,kg
Telangana,Pune,Wholesale Yard,Onion,2026-06-02,16.53,kg
Andhra Pradesh,Bengaluru,Local Market,Rice,2026-09-08,48.95,kg
Karnataka,Hyderabad,Main Market,Onion,2025-09-25,48.48,kg
Maharashtra,Bengaluru,Wholesale Yard,Potato,2025-09-14,24.19,kg
Telangana,Pune,Local Market,Potato,2025-12-14,46.56,kg
Telangana,Hyderabad,Central Mandai,Wheat,2026-01-21,32.8,kg
Tamil Nadu,Visakhapatnam,Wholesale Yard,Wheat,2026-01-28,40.56,kg
Telangana,Visakhapatnam,Main Market,Wheat,2026-07-27,30.96,kg
Maharashtra,Bengaluru,Central Mandai,Onion,2025-09-20,8.27,kg
Maharashtra,Bengaluru,Central Mandai,Wheat,2025-10-02,56.03,kg
Maharashtra,Hyderabad,Local Market,Wheat,2025-10-01,21.93,kg
Telangana,Chennai,Central Mandai,Tomato,2025-10-12,57.88,kg
Tamil Nadu,Visakhapatnam,Wholesale Yard,Rice,2026-07-30,19.72,kg
Maharashtra,Visakhapatnam,Wholesale Yard,Rice,2026-04-02,47.79,kg
Karnataka,Hyderabad,Local Market,Potato,2026-05-14,50.65,kg
Andhra Pradesh,Visakhapatnam,Main Market,Onion,2026-04-08,59.93,kg
Tamil Nadu,Bengaluru,Local Market,Wheat,2026-09-09,43.92,kg
Tamil Nadu,Chennai,Local Market,Rice,2026-01-13,15.01,kg
Tamil Nadu,Hyderabad,Wholesale Yard,Potato,2026-04-18,52.71,kg
Karnataka,Visakhapatnam,Main Market,Tomato,2025-11-11,47.51,kg
Andhra Pradesh,Visakhapatnam,Central Mandai,Wheat,2025-10-16,29.92,kg
Andhra Pradesh,Pune,Local Market,Rice,2026-05-30,53.3,kg
Karnataka,Bengaluru,Central Mandai,Rice,2025-09-16,13.14,kg
Andhra Pradesh,Visakhapatnam,Local Market,Wheat,2026-05-10,28.14,kg
Karnataka,Visakhapatnam,Local Market,Tomato,2026-03-12,40.15,kg
Maharashtra,Hyderabad,Wholesale Yard,Potato,2026-04-04,18.66,kg
Telangana,Pune,Main Market,Onion,2026-04-27,26.59,kg
Maharashtra,Pune,Main Market,Tomato,2025-11-25,50.02,kg
Karnataka,Bengaluru,Main Market,Potato,2026-01-20,14.47,kg
Telangana,Bengaluru,Main Market,Rice,2026-04-20,9.4,kg
Karnataka,Visakhapatnam,Local Market,Potato,2026-03-01,41.37,kg
Karnataka,Chennai,Main Market,Wheat,2026-09-05,32.2,kg
Andhra Pradesh,Visakhapatnam,Central Mandai,Potato,2025-10-26,41.07,kg
Telangana,Chennai,Wholesale Yard,Tomato,2026-01-16,20.59,kg
Tamil Nadu,Hyderabad,Wholesale Yard,Wheat,2026-09-06,20.94,kg
Tamil Nadu,Hyderabad,Central Mandai,Rice,2026-03-30,52.63,kg
Karnataka,Hyderabad,Central Mandai,Tomato,2026-08-10,31.55,kg
Tamil Nadu,Chennai,Main Market,Tomato,2026-01-06,43.17,kg
Karnataka,Hyderabad,Wholesale Yard,Tomato,2026-01-11,28.88,kg
Maharashtra,Pune,Wholesale Yard,Potato,2026-08-23,18.98,kg
Tamil Nadu,Visakhapatnam,Local Market,Onion,2026-02-09,44.99,kg
Andhra Pradesh,Bengaluru,Local Market,Potato,2026-07-30,48.97,kg
Andhra Pradesh,Pune,Main Market,Wheat,2026-06-21,31.87,kg
Telangana,Chennai,Central Mandai,Tomato,2026-09-05,26.51,kg
Karnataka,Bengaluru,Wholesale Yard,Wheat,2025-10-24,8.08,kg
Karnataka,Bengaluru,Main Market,Rice,2026-06-28,17.9,kg
Maharashtra,Hyderabad,Wholesale Yard,Rice,2026-08-29,49.45,kg
Andhra Pradesh,Pune,Wholesale Yard,Wheat,2026-02-25,16.4,kg
Karnataka,Bengaluru,Wholesale Yard,Tomato,2026-07-18,57.54,kg
Karnataka,Pune,Main Market,Potato,2025-12-10,24.6,kg
Maharashtra,Pune,Central Mandai,Rice,2026-01-10,8.69,kg
Maharashtra,Pune,Local Market,Rice,2026-01-21,15.99,kg
Karnataka,Visakhapatnam,Central Mandai,Wheat,2026-06-21,54.5,kg
Tamil Nadu,Pune,Central Mandai,Onion,2026-08-05,11.03,kg
Andhra Pradesh,Bengaluru,Main Market,Potato,2025-10-29,53.55,kg
Tamil Nadu,Chennai,Central Mandai,Onion,2025-10-22,55.45,kg
Karnataka,Chennai,Local Market,Onion,2026-02-14,22.46,kg
Maharashtra,Chennai,Local Market,Onion,2025-09-12,48.34,kg
Andhra Pradesh,Pune,Main Market,Rice,2026-08-18,28.15,kg
Telangana,Hyderabad,Central Mandai,Tomato,2025-09-16,49.3,kg
Telangana,Chennai,Wholesale Yard,Onion,2026-04-16,55.99,kg
Tamil Nadu,Hyderabad,Main Market,Potato,2026-09-06,19.4,kg
Tamil Nadu,Pune,Central Mandai,Wheat,2026-06-13,35.34,kg
Karnataka,Hyderabad,Local Market,Wheat,2026-06-26,20.89,kg
Tamil Nadu,Hyderabad,Central Mandai,Tomato,2025-11-08,21.32,kg
Telangana,Chennai,Main Market,Wheat,2025-12-26,12.32,kg
Karnataka,Pune,Central Mandai,Onion,2026-04-18,8.65,kg
Karnataka,Chennai,Local Market,Onion,2025-11-06,37.15,kg
Telangana,Visakhapatnam,Wholesale Yard,Potato,2026-04-15,23.32,kg
Maharashtra,Visakhapatnam,Main Market,Tomato,2026-08-03,28.49,kg
Andhra Pradesh,Bengaluru,Wholesale Yard,Potato,2025-11-20,24.27,kg
Maharashtra,Chennai,Central Mandai,Wheat,2025-10-10,24.82,kg
Tamil Nadu,Hyderabad,Central Mandai,Wheat,2025-09-16,43.77,kg
Maharashtra,Pune,Local Market,Rice,2026-04-09,57.96,kg
Karnataka,Bengaluru,Local Market,Rice,2025-11-22,16.68,kg
Maharashtra,Visakhapatnam,Local Market,Onion,2026-08-05,21.35,kg
Andhra Pradesh,Visakhapatnam,Central Mandai,Onion,2026-02-01,40.85,kg
Telangana,Pune,Wholesale Yard,Tomato,2026-08-26,35.52,kg
Karnataka,Chennai,Main Market,Tomato,2026-05-13,38.65,kg
Andhra Pradesh,Pune,Central Mandai,Wheat,2026-05-09,24.75,kg
Maharashtra,Visakhapatnam,Wholesale Yard,Tomato,2026-08-24,35.49,kg
Telangana,Chennai,Local Market,Tomato,2026-03-03,21.66,kg
Telangana,Chennai,Main Market,Potato,2025-12-28,38.66,kg
Andhra Pradesh,Hyderabad,Central Mandai,Onion,2026-07-05,16.04,kg
Tamil Nadu,Chennai,Local Market,Potato,2026-04-19,31.36,kg
Karnataka,Hyderabad,Wholesale Yard,Potato,2026-06-29,24.02,kg
Maharashtra,Hyderabad,Wholesale Yard,Onion,2026-02-09,35.96,kg
Karnataka,Bengaluru,Main Market,Wheat,2026-01-21,23.58,kg
Tamil Nadu,Chennai,Main Market,Rice,2026-01-05,41.03,kg
Andhra Pradesh,Bengaluru,Central Mandai,Potato,2026-07-30,29.81,kg
Telangana,Hyderabad,Central Mandai,Rice,2026-01-19,44.15,kg
Telangana,Bengaluru,Wholesale Yard,Onion,2026-05-11,33.31,kg
Telangana,Hyderabad,Central Mandai,Onion,2026-08-12,46.43,kg
Andhra Pradesh,Pune,Main Market,Potato,2026-05-02,22.03,kg
Tamil Nadu,Chennai,Main Market,Wheat,2026-01-04,19.39,kg
Karnataka,Pune,Local Market,Tomato,2025-12-05,45.42,kg
Andhra Pradesh,Visakhapatnam,Wholesale Yard,Tomato,2026-06-04,20.15,kg
Telangana,Visakhapatnam,Local Market,Wheat,2026-03-22,24.3,kg
Tamil Nadu,Bengaluru,Local Market,Wheat,2026-01-18,49.31,kg
Andhra Pradesh,Pune,Main Market,Onion,2025-12-28,16.51,kg
Tamil Nadu,Chennai,Wholesale Yard,Potato,2026-06-16,10.21,kg
Maharashtra,Pune,Wholesale Yard,Potato,2026-08-04,37.83,kg
Maharashtra,Chennai,Central Mandai,Onion,2026-06-11,21.66,kg
Andhra Pradesh,Hyderabad,Main Market,Rice,2026-04-07,19.76,kg
Andhra Pradesh,Visakhapatnam,Wholesale Yard,Tomato,2025-09-21,38.99,kg
Maharashtra,Visakhapatnam,Central Mandai,Onion,2025-12-04,48.41,kg
Maharashtra,Visakhapatnam,Local Market,Potato,2026-05-06,21.52,kg
Tamil Nadu,Chennai,Central Mandai,Tomato,2025-11-14,28.72,kg
Maharashtra,Visakhapatnam,Main Market,Rice,2025-09-16,17.71,kg
Maharashtra,Bengaluru,Wholesale Yard,Wheat,2026-07-28,50.62,kg
Telangana,Bengaluru,Local Market,Wheat,2025-10-21,54.47,kg
Tamil Nadu,Visakhapatnam,Local Market,Potato,2025-12-14,26.37,kg
Maharashtra,Bengaluru,Wholesale Yard,Potato,2026-08-30,37.38,kg
Telangana,Pune,Main Market,Tomato,2026-05-23,26.98,kg
Telangana,Hyderabad,Central Mandai,Potato,2026-07-06,52.73,kg
Andhra Pradesh,Chennai,Local Market,Potato,2026-06-29,39.19,kg
Tamil Nadu,Pune,Wholesale Yard,Onion,2026-01-25,57.2,kg
Maharashtra,Pune,Main Market,Potato,2025-09-19,16.27,kg
Tamil Nadu,Pune,Wholesale Yard,Tomato,2025-11-19,40.03,kg
Andhra Pradesh,Chennai,Central Mandai,Potato,2025-12-25,23.04,kg
Andhra Pradesh,Chennai,Wholesale Yard,Tomato,2026-01-10,32.47,kg
Karnataka,Pune,Wholesale Yard,Rice,2026-01-10,17.9,kg
Andhra Pradesh,Hyderabad,Main Market,Potato,2025-09-23,47.14,kg
Telangana,Visakhapatnam,Wholesale Yard,Rice,2026-06-27,58.18,kg
Maharashtra,Visakhapatnam,Local Market,Wheat,2025-12-17,28.79,kg
Tamil Nadu,Pune,Main Market,Onion,2025-12-29,26.4,kg
Tamil Nadu,Hyderabad,Central Mandai,Onion,2025-10-02,18.9,kg
Tamil Nadu,Visakhapatnam,Main Market,Potato,2026-07-23,43.9,kg
Maharashtra,Visakhapatnam,Central Mandai,Onion,2026-02-24,52.64,kg
Maharashtra,Visakhapatnam,Wholesale Yard,Wheat,2026-05-12,12.01,kg
Maharashtra,Chennai,Wholesale Yard,Potato,2026-06-13,10.59,kg
Telangana,Bengaluru,Central Mandai,Wheat,2026-04-16,51.64,kg
Andhra Pradesh,Visakhapatnam,Local Market,Onion,2025-11-08,23.42,kg
Andhra Pradesh,Bengaluru,Wholesale Yard,Wheat,2026-06-05,16.07,kg
Maharashtra,Chennai,Local Market,Potato,2025-12-02,40.32,kg
Maharashtra,Visakhapatnam,Central Mandai,Rice,2025-11-20,27.17,kg
Maharashtra,Visakhapatnam,Wholesale Yard,Wheat,2026-03-10,49.65,kg
Maharashtra,Bengaluru,Main Market,Rice,2025-09-19,22.16,kg
Maharashtra,Chennai,Wholesale Yard,Wheat,2026-07-31,43.15,kg
Telangana,Visakhapatnam,Wholesale Yard,Tomato,2026-06-05,31.5,kg
Tamil Nadu,Chennai,Wholesale Yard,Wheat,2026-03-15,9.81,kg
Karnataka,Chennai,Local Market,Potato,2026-01-18,16.89,kg
Tamil Nadu,Hyderabad,Central Mandai,Tomato,2025-11-10,29.91,kg
Karnataka,Bengaluru,Local Market,Rice,2026-02-20,25.39,kg
Tamil Nadu,Hyderabad,Local Market,Wheat,2026-02-09,50.2,kg
Telangana,Pune,Main Market,Rice,2025-10-11,37.24,kg
Andhra Pradesh,Visakhapatnam,Central Mandai,Tomato,2026-08-22,16.81,kg
Maharashtra,Hyderabad,Central Mandai,Rice,2026-01-10,56.07,kg
Andhra Pradesh,Bengaluru,Main Market,Potato,2025-10-10,26.33,kg
Andhra Pradesh,Bengaluru,Main Market,Rice,2026-08-16,14.54,kg
Karnataka,Chennai,Local Market,Tomato,2026-04-18,44.88,kg
Tamil Nadu,Hyderabad,Local Market,Tomato,2026-07-05,47.88,kg
Telangana,Hyderabad,Local Market,Onion,2026-06-27,55.55,kg
Maharashtra,Hyderabad,Central Mandai,Tomato,2026-02-11,13.29,kg
Karnataka,Chennai,Wholesale Yard,Potato,2026-01-02,59.12,kg
Karnataka,Bengaluru,Central Mandai,Wheat,2026-06-08,46.57,kg
Andhra Pradesh,Bengaluru,Wholesale Yard,Tomato,2026-09-07,41.08,kg
Karnataka,Pune,Central Mandai,Rice,2026-05-20,22.81,kg
Tamil Nadu,Bengaluru,Central Mandai,Onion,2026-04-14,57.48,kg
Andhra Pradesh,Visakhapatnam,Main Market,Potato,2026-01-20,48.56,kg
Telangana,Visakhapatnam,Wholesale Yard,Tomato,2026-04-30,25.54,kg
Maharashtra,Visakhapatnam,Central Mandai,Potato,2026-02-01,50.6,kg
Maharashtra,Bengaluru,Local Market,Wheat,2026-03-21,26.14,kg
Karnataka,Bengaluru,Central Mandai,Wheat,2026-06-05,23.48,kg
Andhra Pradesh,Bengaluru,Main Market,Tomato,2026-06-03,13.27,kg
Karnataka,Visakhapatnam,Wholesale Yard,Tomato,2026-07-30,50.91,kg
Karnataka,Chennai,Main Market,Tomato,2026-03-25,25.94,kg
Telangana,Chennai,Central Mandai,Onion,2026-03-01,19.03,kg
Telangana,Bengaluru,Main Market,Onion,2025-12-13,15.19,kg
Karnataka,Pune,Wholesale Yard,Wheat,2026-05-05,35.98,kg
Andhra Pradesh,Visakhapatnam,Main Market,Onion,2025-10-03,42.82,kg
Andhra Pradesh,Pune,Central Mandai,Onion,2026-04-01,37.1,kg
Maharashtra,Visakhapatnam,Central Mandai,Onion,2025-09-21,31.53,kg
Andhra Pradesh,Pune,Wholesale Yard,Onion,2025-11-25,54.15,kg
Tamil Nadu,Visakhapatnam,Main Market,Rice,2026-09-05,47.24,kg
Tamil Nadu,Bengaluru,Wholesale Yard,Potato,2025-10-08,45.52,kg
Andhra Pradesh,Visakhapatnam,Local Market,Rice,2026-05-12,19.35,kg
Andhra Pradesh,Bengaluru,Central Mandai,Potato,2025-10-25,48.88,kg
Karnataka,Pune,Main Market,Potato,2026-03-18,32.62,kg
Andhra Pradesh,Pune,Wholesale Yard,Potato,2025-09-12,56.29,kg
Karnataka,Bengaluru,Local Market,Rice,2026-08-07,31.83,kg
Karnataka,Hyderabad,Wholesale Yard,Wheat,2026-02-12,38.14,kg
Andhra Pradesh,Pune,Central Mandai,Rice,2025-12-30,17.25,kg
Tamil Nadu,Hyderabad,Central Mandai,Tomato,2026-08-07,17.48,kg
Maharashtra,Visakhapatnam,Local Market,Onion,2026-05-21,23.13,kg
Tamil Nadu,Bengaluru,Local Market,Onion,2025-09-28,43.09,kg
Karnataka,Chennai,Local Market,Wheat,2026-03-31,12.26,kg
Andhra Pradesh,Pune,Main Market,Wheat,2026-02-21,22.15,kg
Karnataka,Chennai,Central Mandai,Tomato,2026-05-05,30.19,kg
Telangana,Bengaluru,Central Mandai,Rice,2026-02-17,43.28,kg
Andhra Pradesh,Bengaluru,Central Mandai,Potato,2026-09-10,24.42,kg
Tamil Nadu,Bengaluru,Local Market,Wheat,2026-05-05,50.68,kg
Andhra Pradesh,Visakhapatnam,Main Market,Rice,2026-05-24,37.88,kg
Maharashtra,Visakhapatnam,Local Market,Wheat,2025-11-10,52.4,kg
Tamil Nadu,Visakhapatnam,Local Market,Onion,2025-11-02,49.51,kg
Maharashtra,Chennai,Main Market,Onion,2026-03-04,44.59,kg
Maharashtra,Pune,Main Market,Wheat,2026-06-15,33.81,kg
Andhra Pradesh,Hyderabad,Local Market,Tomato,2025-10-19,59.13,kg
Tamil Nadu,Visakhapatnam,Main Market,Potato,2025-10-27,16.39,kg
Karnataka,Visakhapatnam,Main Market,Tomato,2026-08-27,39.76,kg
Tamil Nadu,Bengaluru,Wholesale Yard,Potato,2025-12-19,30.17,kg
Telangana,Visakhapatnam,Central Mandai,Wheat,2025-12-20,9.4,kg
Andhra Pradesh,Hyderabad,Main Market,Onion,2026-03-02,13.13,kg
Maharashtra,Bengaluru,Main Market,Wheat,2025-12-03,28.55,kg
Karnataka,Hyderabad,Main Market,Onion,2026-02-09,58.99,kg
Telangana,Hyderabad,Local Market,Tomato,2025-09-20,39.37,kg
Andhra Pradesh,Bengaluru,Wholesale Yard,Wheat,2025-12-02,54.41,kg
Andhra Pradesh,Pune,Central Mandai,Tomato,2025-10-07,50.54,kg
Maharashtra,Pune,Wholesale Yard,Tomato,2026-02-26,10.36,kg
Andhra Pradesh,Hyderabad,Wholesale Yard,Potato,2025-09-30,13.54,kg
Maharashtra,Hyderabad,Main Market,Potato,2025-12-17,31.86,kg
Tamil Nadu,Pune,Wholesale Yard,Tomato,2026-02-13,22.95,kg
Tamil Nadu,Pune,Local Market,Wheat,2025-12-10,58.28,kg
Maharashtra,Visakhapatnam,Main Market,Wheat,2026-02-03,11.99,kg
Maharashtra,Hyderabad,Wholesale Yard,Wheat,2026-07-23,49.23,kg
Maharashtra,Bengaluru,Local Market,Onion,2026-08-22,48.62,kg
Tamil Nadu,Pune,Central Mandai,Rice,2026-01-06,14.49,kg
Andhra Pradesh,Hyderabad,Wholesale Yard,Rice,2025-12-13,48.95,kg
Karnataka,Hyderabad,Central Mandai,Rice,2026-01-13,16.25,kg
Telangana,Bengaluru,Local Market,Rice,2025-10-05,42.29,kg
Tamil Nadu,Pune,Local Market,Onion,2025-11-21,41.24,kg
Tamil Nadu,Pune,Central Mandai,Tomato,2026-01-20,18.52,kg
Andhra Pradesh,Hyderabad,Wholesale Yard,Wheat,2026-04-13,48.95,kg
Andhra Pradesh,Bengaluru,Main Market,Wheat,2026-06-08,28.57,kg
Telangana,Visakhapatnam,Central Mandai,Tomato,2026-08-02,9.0,kg
Tamil Nadu,Pune,Local Market,Tomato,2026-06-18,54.35,kg
Telangana,Visakhapatnam,Local Market,Onion,2026-06-27,53.28,kg
Karnataka,Pune,Central Mandai,Tomato,2026-08-04,37.63,kg
Tamil Nadu,Visakhapatnam,Wholesale Yard,Wheat,2025-11-18,52.92,kg
Maharashtra,Pune,Wholesale Yard,Onion,2026-01-01,15.15,kg
Andhra Pradesh,Visakhapatnam,Main Market,Potato,2026-09-07,53.25,kg
Maharashtra,Visakhapatnam,Main Market,Rice,2025-10-04,54.82,kg
Telangana,Visakhapatnam,Wholesale Yard,Wheat,2025-12-13,31.64,kg
Maharashtra,Visakhapatnam,Central Mandai,Onion,2025-12-18,31.45,kg
Telangana,Chennai,Local Market,Tomato,2025-09-12,46.42,kg
Maharashtra,Bengaluru,Wholesale Yard,Tomato,2026-07-18,42.85,kg
Maharashtra,Hyderabad,Main Market,Rice,2025-12-16,27.18,kg
Telangana,Pune,Wholesale Yard,Potato,2026-08-08,44.52,kg
Karnataka,Chennai,Wholesale Yard,Potato,2026-03-31,18.73,kg
Maharashtra,Chennai,Local Market,Wheat,2026-06-07,32.77,kg
Telangana,Pune,Local Market,Onion,2025-11-18,30.2,kg
Karnataka,Visakhapatnam,Local Market,Tomato,2025-12-28,34.8,kg
Maharashtra,Bengaluru,Central Mandai,Rice,2026-03-16,38.41,kg
Andhra Pradesh,Pune,Main Market,Onion,2026-07-27,42.32,kg
Tamil Nadu,Chennai,Main Market,Wheat,2026-08-02,59.14,kg
Andhra Pradesh,Hyderabad,Central Mandai,Onion,2026-03-03,15.12,kg
Telangana,Visakhapatnam,Central Mandai,Onion,2026-01-24,39.73,kg
Andhra Pradesh,Pune,Local Market,Rice,2025-12-01,28.6,kg
Telangana,Visakhapatnam,Local Market,Wheat,2026-07-27,59.92,kg
Telangana,Bengaluru,Central Mandai,Onion,2025-09-15,38.38,kg
Tamil Nadu,Bengaluru,Local Market,Rice,2026-03-24,21.9,kg
Maharashtra,Bengaluru,Wholesale Yard,Wheat,2026-03-27,44.83,kg
Maharashtra,Hyderabad,Central Mandai,Onion,2025-09-14,35.36,kg
Karnataka,Chennai,Central Mandai,Onion,2026-01-02,51.35,kg
Telangana,Visakhapatnam,Central Mandai,Potato,2025-09-19,45.98,kg
Tamil Nadu,Chennai,Central Mandai,Rice,2026-04-13,16.15,kg
Maharashtra,Bengaluru,Central Mandai,Rice,2026-01-19,48.45,kg
Karnataka,Bengaluru,Wholesale Yard,Onion,2025-12-13,15.08,kg
Karnataka,Hyderabad,Wholesale Yard,Rice,2026-03-04,30.49,kg
Karnataka,Bengaluru,Main Market,Tomato,2025-09-30,33.28,kg
Karnataka,Chennai,Wholesale Yard,Potato,2025-12-19,33.12,kg
Karnataka,Chennai,Local Market,Tomato,2026-09-02,39.6,kg
Andhra Pradesh,Hyderabad,Main Market,Tomato,2025-10-24,38.17,kg
Karnataka,Chennai,Local Market,Wheat,2025-12-28,13.77,kg
Tamil Nadu,Pune,Wholesale Yard,Rice,2025-11-19,44.48,kg
Andhra Pradesh,Pune,Main Market,Potato,2026-04-02,50.78,kg
Karnataka,Hyderabad,Wholesale Yard,Tomato,2026-09-07,23.42,kg
Maharashtra,Visakhapatnam,Wholesale Yard,Tomato,2026-03-24,31.36,kg
Karnataka,Visakhapatnam,Main Market,Potato,2025-09-28,54.17,kg
Andhra Pradesh,Hyderabad,Main Market,Tomato,2026-04-13,12.05,kg
Tamil Nadu,Pune,Wholesale Yard,Potato,2025-12-30,28.78,kg
Telangana,Chennai,Wholesale Yard,Potato,2026-08-30,58.85,kg
Karnataka,Chennai,Local Market,Tomato,2026-08-19,8.25,kg
Tamil Nadu,Visakhapatnam,Wholesale Yard,Rice,2025-12-21,14.53,kg
Tamil Nadu,Visakhapatnam,Main Market,Tomato,2026-04-04,9.71,kg
Andhra Pradesh,Visakhapatnam,Central Mandai,Onion,2025-10-27,44.68,kg
Maharashtra,Hyderabad,Local Market,Wheat,2026-04-01,23.62,kg
Tamil Nadu,Pune,Local Market,Potato,2026-03-13,31.84,kg
Tamil Nadu,Visakhapatnam,Local Market,Potato,2026-04-06,53.92,kg
Tamil Nadu,Bengaluru,Local Market,Rice,2026-01-08,18.26,kg
Andhra Pradesh,Bengaluru,Central Mandai,Potato,2025-12-13,52.36,kg
Maharashtra,Chennai,Main Market,Wheat,2026-03-27,25.84,kg
Telangana,Bengaluru,Main Market,Tomato,2026-02-04,22.71,kg
Maharashtra,Pune,Wholesale Yard,Potato,2026-02-03,45.28,kg
Karnataka,Visakhapatnam,Local Market,Potato,2025-11-23,23.14,kg
Karnataka,Visakhapatnam,Local Market,Rice,2026-06-02,58.22,kg
Tamil Nadu,Pune,Wholesale Yard,Onion,2026-03-15,10.3,kg
Telangana,Visakhapatnam,Wholesale Yard,Tomato,2025-12-05,48.66,kg
Telangana,Pune,Central Mandai,Wheat,2025-11-12,17.23,kg
Andhra Pradesh,Hyderabad,Main Market,Wheat,2025-11-19,24.44,kg
Karnataka,Bengaluru,Main Market,Rice,2026-02-13,51.43,kg
Telangana,Chennai,Central Mandai,Potato,2025-10-20,25.44,kg
Maharashtra,Chennai,Wholesale Yard,Wheat,2026-06-06,43.4,kg
Maharashtra,Hyderabad,Main Market,Tomato,2025-12-31,17.26,kg
Andhra Pradesh,Chennai,Wholesale Yard,Rice,2026-04-18,14.88,kg
Andhra Pradesh,Pune,Main Market,Rice,2025-09-19,57.74,kg
Telangana,Hyderabad,Main Market,Potato,2025-09-28,43.14,kg
Tamil Nadu,Hyderabad,Main Market,Potato,2026-05-30,41.36,kg
Karnataka,Pune,Local Market,Rice,2026-06-30,9.01,kg
Karnataka,Bengaluru,Wholesale Yard,Tomato,2026-05-15,51.68,kg
Maharashtra,Bengaluru,Central Mandai,Potato,2026-08-12,39.41,kg
Andhra Pradesh,Hyderabad,Central Mandai,Onion,2025-12-31,23.5,kg
Maharashtra,Bengaluru,Central Mandai,Wheat,2026-08-19,18.71,kg
Tamil Nadu,Chennai,Wholesale Yard,Wheat,2025-12-16,28.62,kg
Karnataka,Bengaluru,Local Market,Rice,2026-01-31,10.64,kg
Maharashtra,Chennai,Wholesale Yard,Tomato,2025-10-02,31.88,kg
Telangana,Visakhapatnam,Central Mandai,Potato,2026-04-19,16.12,kg
Karnataka,Hyderabad,Main Market,Wheat,2026-08-29,43.79,kg
Telangana,Chennai,Main Market,Wheat,2025-10-10,22.82,kg
Andhra Pradesh,Bengaluru,Central Mandai,Potato,2026-06-11,26.81,kg
Andhra Pradesh,Hyderabad,Main Market,Tomato,2026-01-02,42.02,kg
Tamil Nadu,Hyderabad,Main Market,Onion,2025-11-30,40.2,kg
Tamil Nadu,Pune,Wholesale Yard,Potato,2026-06-21,30.16,kg
Andhra Pradesh,Chennai,Local Market,Potato,2026-06-01,37.37,kg
Andhra Pradesh,Bengaluru,Wholesale Yard,Rice,2026-08-21,20.62,kg
Maharashtra,Visakhapatnam,Central Mandai,Rice,2026-08-20,15.48,kg
Maharashtra,Pune,Local Market,Wheat,2026-06-01,27.6,kg
Karnataka,Hyderabad,Central Mandai,Onion,2025-11-16,23.75,kg
Tamil Nadu,Hyderabad,Local Market,Tomato,2026-09-01,36.41,kg
Telangana,Hyderabad,Local Market,Rice,2025-10-03,25.46,kg
Karnataka,Hyderabad,Local Market,Wheat,2026-05-30,12.2,kg
Andhra Pradesh,Hyderabad,Central Mandai,Rice,2026-03-30,57.06,kg
Karnataka,Chennai,Central Mandai,Tomato,2025-12-15,50.75,kg
Maharashtra,Visakhapatnam,Local Market,Potato,2026-06-29,49.62,kg
Andhra Pradesh,Visakhapatnam,Central Mandai,Rice,2026-03-14,45.97,kg
Maharashtra,Hyderabad,Central Mandai,Tomato,2026-03-27,29.31,kg
Telangana,Bengaluru,Wholesale Yard,Wheat,2026-01-20,16.91,kg
Karnataka,Hyderabad,Main Market,Potato,2026-05-21,26.71,kg
Andhra Pradesh,Hyderabad,Central Mandai,Tomato,2026-03-05,17.03,kg
Karnataka,Chennai,Local Market,Onion,2026-03-15,13.5,kg
Karnataka,Chennai,Local Market,Onion,2026-08-17,17.72,kg
Karnataka,Visakhapatnam,Central Mandai,Potato,2026-01-08,25.89,kg
Tamil Nadu,Hyderabad,Wholesale Yard,Tomato,2026-04-14,17.79,kg
Karnataka,Pune,Local Market,Potato,2025-11-01,18.05,kg
Tamil Nadu,Pune,Central Mandai,Tomato,2026-04-26,39.96,kg
Maharashtra,Hyderabad,Wholesale Yard,Onion,2026-09-06,26.22,kg
Tamil Nadu,Pune,Central Mandai,Wheat,2026-04-30,51.28,kg
Telangana,Visakhapatnam,Main Market,Rice,2026-04-22,37.48,kg
Tamil Nadu,Chennai,Main Market,Wheat,2025-09-28,56.54,kg
Karnataka,Pune,Central Mandai,Rice,2025-12-25,13.47,kg
